ID,Title,Location,Company,Condition,ExpireDate
https://www.saramin.co.kr/zf_user/jobs/relay/view?&rec_idx=52604751,[국내1위 포렌식SW] 보안기술 연구 담당 정규직 채용(신입/경력),경기성남시 분당구,(주)지엠디소프트,경기 성남시 분당구경력무관학력무관정규직,~ 02/16(월)
https://www.saramin.co.kr/zf_user/jobs/relay/view?&rec_idx=52200064,AI & Computer Vision 개발 및 유지보수 인재 채용,경기성남시 분당구,(주)엠디에스인텔리전스,경기 성남시 분당구신입·경력대졸↑정규직,~ 01/02(금)
https://www.saramin.co.kr/zf_user/jobs/relay/view?&rec_idx=52602255,[채널톡] Software Engineer,서울강남구,(주)채널코퍼레이션,서울 강남구신입학력무관정규직,상시채용
https://www.saramin.co.kr/zf_user/jobs/relay/view?&rec_idx=52577087,"[AI·빅데이터] 기획자, AI 엔지니어, R&D, 데이터 사이언티스트",서울강서구,(주)엑셈,서울 강서구경력 2~15년대졸↑정규직,채용시
https://www.saramin.co.kr/zf_user/jobs/relay/view?&rec_idx=52553853,[신입-인턴] 생성형 AI 엔지니어 - 세일링스톤 인턴 5기,서울강서구,세일링스톤(주),"서울 강서구경력무관대졸↑정규직3,500 만원",~ 02/10(화)
https://www.saramin.co.kr/zf_user/jobs/relay/view?&rec_idx=52589413,[여기어때투어] Senior Frontend Engineer,서울종로구,(주)여기어때투어,서울 종로구경력5년↑학력무관정규직,~ 01/16(금)
https://www.saramin.co.kr/zf_user/jobs/relay/view?&rec_idx=52567718,(주)크릭스 풀스택 개발자 모집,서울성동구,(주)크릭스,서울 성동구경력무관대졸↑정규직·계약직,~ 01/14(수)
https://www.saramin.co.kr/zf_user/jobs/relay/view?&rec_idx=52260531,인공지능 및 데이터 분석 직무 채용 공고,부산부산진구,(주)싸인랩,부산 부산진구경력무관학력무관정규직·계약직,~ 01/09(금)
https://www.saramin.co.kr/zf_user/jobs/relay/view?&rec_idx=52491352,AI 개발자,서울강남구,(주)에스지시큐리티컨설팅,서울 강남구경력무관초대졸↑정규직,~ 01/04(일)
https://www.saramin.co.kr/zf_user/jobs/relay/view?&rec_idx=52522166,품질검증 STB/APP/WEB/서버 QA 신입/경력 채용,서울강남구,㈜알티캐스트,서울 강남구신입·경력초대졸↑정규직·계약직,채용시
https://www.saramin.co.kr/zf_user/jobs/relay/view?&rec_idx=52522099,[스포츠게임] (주)선시안 개발 직군 채용,서울금천구,(주)선시안,서울 금천구경력무관학력무관정규직,~ 12/31(수)
https://www.saramin.co.kr/zf_user/jobs/relay/view?&rec_idx=52576889,"[개발/엔지니어] Go / Java / C / 네트워크, 인프라 엔지니어",서울강서구,(주)엑셈,서울 강서구신입·경력초대졸↑정규직,채용시
https://www.saramin.co.kr/zf_user/jobs/relay/view?&rec_idx=52603022,[경력 개발자 초빙],서울영등포구,(주)지오이스트,서울 영등포구신입대졸↑정규직,~ 01/17(토)
https://www.saramin.co.kr/zf_user/jobs/relay/view?&rec_idx=52552747,"백엔드/ 서버 사이드 개발자 모집, 관공서 관련 개발자 우대",대전대덕구,(주)솔텍시스템,대전 대덕구경력무관초대졸↑정규직,~ 01/11(일)
https://www.saramin.co.kr/zf_user/jobs/relay/view?&rec_idx=52199581,자율주행 차량용 레이더 개발 SW 엔지니어 충원,서울강남구,(주)스마트레이더시스템,서울 강남구경력무관대졸↑정규직,~ 12/31(수)
https://www.saramin.co.kr/zf_user/jobs/relay/view?&rec_idx=52622562,기업용 AI 시스템 개발자 모집,경기화성시,(주)심비즈코리아,경기 화성시경력무관대졸↑정규직,~ 01/20(화)
https://www.saramin.co.kr/zf_user/jobs/relay/view?&rec_idx=52627251,[관세법인정상] 사내 IT 시스템 개발자 모집,경기화성시,관세법인 정상,경기 화성시경력무관학력무관정규직,~ 02/20(금)
https://www.saramin.co.kr/zf_user/jobs/relay/view?&rec_idx=52179199,멀티 클라우드 구축 및 운영 엔지니어 채용,서울구로구,디딤365(주),서울 구로구경력2년↑초대졸↑정규직,~ 12/29(월)
https://www.saramin.co.kr/zf_user/jobs/relay/view?&rec_idx=52551751,경주월드 신입/경력사원 채용 [기계/전기/마케팅],경북경주시,경주월드 주식회사,경북 경주시신입·경력학력무관정규직·인턴직,~ 12/28(일)
https://www.saramin.co.kr/zf_user/jobs/relay/view?&rec_idx=52512734,㈜이노룰스 2026년도 신입 및 경력사원 공채,서울송파구,(주)이노룰스,서울 송파구신입·경력초대졸↑정규직,~ 01/07(수)
https://www.saramin.co.kr/zf_user/jobs/relay/view?&rec_idx=52523497,AI연구소 백엔드 개발자 채용,서울금천구,(주)알티솔루션,서울 금천구신입·경력대졸↑정규직,~ 01/08(목)
https://www.saramin.co.kr/zf_user/jobs/relay/view?&rec_idx=52609218,AI 어플리케이션 개발자 모집,서울강서구,(주)엘핀,서울 강서구신입·경력대졸↑정규직,~ 01/17(토)
https://www.saramin.co.kr/zf_user/jobs/relay/view?&rec_idx=52592596,2025년 코오롱그룹 12월 정기공채,경기과천시,(주)코오롱,경기 과천시경력학력무관정규직,~ 01/01(목)
https://www.saramin.co.kr/zf_user/jobs/relay/view?&rec_idx=52604386,[동호HR] 서울역 현대캐피탈 본사 데이터 분석 업무 채용,서울중구,동호에이치알(주),"서울 중구경력무관고졸↑계약직3,461 만원",~ 01/02(금)
https://www.saramin.co.kr/zf_user/jobs/relay/view?&rec_idx=52240333,[전환형 인턴] 인공지능 솔루션 엔지니어 채용,서울강남구,(주)제논,서울 강남구신입대졸↑인턴직220 만원,~ 01/05(월)
https://www.saramin.co.kr/zf_user/jobs/relay/view?&rec_idx=52395077,각 부문별 채용,서울마포구,(주)웨어밸리,서울 마포구신입·경력초대졸↑정규직,~ 12/31(수)
https://www.saramin.co.kr/zf_user/jobs/relay/view?&rec_idx=52592526,㈜hy 2026년 상반기 채용연계형 인턴 모집,서울서초구,(주)에치와이,서울 서초구신입대졸↑인턴직,~ 12/26(금)
https://www.saramin.co.kr/zf_user/jobs/relay/view?&rec_idx=52624678,파이썬 초/중급 개발자,부산사상구,(주)씨텍,부산 사상구경력무관고졸↑정규직,~ 02/20(금)
https://www.saramin.co.kr/zf_user/jobs/relay/view?&rec_idx=52539087,[네이버랩스] Research Engineer for Robot Navigation (인턴십),경기성남시 분당구,네이버랩스(주),경기 성남시 분당구신입석사↑인턴직,오늘마감
https://www.saramin.co.kr/zf_user/jobs/relay/view?&rec_idx=52398798,2025년도 하반기 신입(인턴) 및 경력사원 채용,서울성동구,(주)클리오,서울 성동구신입·경력학력무관정규직·계약직,~ 01/16(금)
https://www.saramin.co.kr/zf_user/jobs/relay/view?&rec_idx=52582278,"[서울 가산]마케팅 담당 일반 사무직 채용(정규직, 경력 무관)",서울금천구,(주)쇼엠,서울 금천구경력무관학력무관정규직,~ 01/15(목)
https://www.saramin.co.kr/zf_user/jobs/relay/view?&rec_idx=52107619,2025년 예가람저축은행 각 부문별 [경력/전문계약직/외국인] 직원 공개 채용,서울중구,(주)예가람저축은행,서울 중구신입·경력대졸↑정규직·계약직,~ 12/31(수)
https://www.saramin.co.kr/zf_user/jobs/relay/view?&rec_idx=52579674,[CJ그룹 계열사] CJ 4DPLEX 콘텐츠 사업관리 채용,서울마포구,씨제이포디플렉스(주),서울 마포구경력 3~10년대졸↑정규직,~ 12/28(일)
https://www.saramin.co.kr/zf_user/jobs/relay/view?&rec_idx=52397179,에이엠㈜ 신입/경력 채용 모집,경기과천시,에이엠(주),경기 과천시신입·경력대졸↑정규직,~ 12/24(수)
https://www.saramin.co.kr/zf_user/jobs/relay/view?&rec_idx=52568257,"데이터 분석, 시각화, 데이터 레이크(Snowflake) 운영 신입사원",서울강남구,알디에스(주),"서울 강남구신입대졸↑정규직3,900 만원",~ 12/30(화)
https://www.saramin.co.kr/zf_user/jobs/relay/view?&rec_idx=52593380,각 부문별 경력사원 채용,경기성남시 분당구,(주)피타소프트,경기 성남시 분당구경력학력무관정규직,~ 01/14(수)
https://www.saramin.co.kr/zf_user/jobs/relay/view?&rec_idx=52329561,각 부문별 신입/경력 사무직 채용,울산북구,덕산하이메탈(주),울산 북구경력무관초대졸↑정규직,~ 12/31(수)
https://www.saramin.co.kr/zf_user/jobs/relay/view?&rec_idx=52398683,[디지털프레소] 프론트엔드 개발자 채용 (Fullstack 경험 우대),서울광진구,(주)디지털프레소,서울 광진구경력무관대졸↑계약직,~ 12/25(목)
https://www.saramin.co.kr/zf_user/jobs/relay/view?&rec_idx=52447513,S/W QA & Test Engineer (신입/경력) 모집합니다.,서울구로구,컴즈(주),서울 구로구경력무관초대졸↑정규직·프리랜서,~ 12/31(수)
https://www.saramin.co.kr/zf_user/jobs/relay/view?&rec_idx=52626237,[전장BU] 26년 상반기 체험형 인턴,경기용인시 기흥구,현대모비스(주),경기 용인시 기흥구경력무관대졸↑인턴직,~ 12/30(화)
https://www.saramin.co.kr/zf_user/jobs/relay/view?&rec_idx=52552310,[카카오 계열사] AI 워크플로우 기획 (Agent Maker),서울강남구,(주)보이스루,서울 강남구경력무관학력무관정규직,상시채용
https://www.saramin.co.kr/zf_user/jobs/relay/view?&rec_idx=52544259,[2026 상반기] 네트워크/보안 기술지원 엔지니어 모집,서울강남구,(주)파인앤애플시스템즈,서울 강남구신입·경력초대졸↑정규직,~ 02/09(월)
https://www.saramin.co.kr/zf_user/jobs/relay/view?&rec_idx=52427674,R&D / 서버/백엔드 개발자(신입),서울강남구,(주)반프,서울 강남구신입대졸↑정규직·전문연구요원,~ 12/27(토)
https://www.saramin.co.kr/zf_user/jobs/relay/view?&rec_idx=52386816,QA / 테스트 엔지니어,서울종로구,(주)아드리엘,서울 종로구신입·경력대졸↑정규직,~ 12/24(수)
https://www.saramin.co.kr/zf_user/jobs/relay/view?&rec_idx=52593523,[빅밸류] 데이터 직무 채용(신입/전문연구요원),서울중구,주식회사 빅밸류,서울 중구경력무관학력무관정규직,채용시
https://www.saramin.co.kr/zf_user/jobs/relay/view?&rec_idx=52171004,[경력무관] 웹 어플리케이션 개발자 모집,경남창원시,(주)투곰스,경남 창원시경력무관학력무관정규직,~ 12/28(일)
https://www.saramin.co.kr/zf_user/jobs/relay/view?&rec_idx=52444554,[Socra AI] Data Engineer (신입),서울강남구,주식회사 소크라에이아이,서울 강남구신입학력무관정규직,~ 12/30(화)
https://www.saramin.co.kr/zf_user/jobs/relay/view?&rec_idx=52496023,정보 보안 운영 관리 엔지니어,서울서초구,(주)이스트게임즈,"서울 서초구경력무관학력무관정규직4,404 만원",~ 02/03(화)
https://www.saramin.co.kr/zf_user/jobs/relay/view?&rec_idx=52582435,"AI 통합검침 시스템 개발을 함께할 SW/HW/RF,서버개발자 채용",경기안양시 동안구,천일계전(주),경기 안양시 동안구신입·경력학력무관정규직·계약직,~ 01/15(목)
https://www.saramin.co.kr/zf_user/jobs/relay/view?&rec_idx=52605431,[WAUG]와그 서버개발팀 팀원 채용,서울종로구,(주)와그,서울 종로구경력 3~10년초대졸↑정규직,~ 01/17(토)
https://www.saramin.co.kr/zf_user/jobs/relay/view?&rec_idx=52602263,(주)디엔디이 엔지니어 인원모집,부산해운대구,(주)디엔디이,"부산 해운대구신입·경력대졸↑정규직3,500 만원",~ 02/16(월)
https://www.saramin.co.kr/zf_user/jobs/relay/view?&rec_idx=52416853,[PYTHON SI 판교] 데이터표준화 및 데이터마트 구축 개발 (7),경기성남시 분당구,(주)제이투이,경기 성남시 분당구경력10년↑초대졸↑프리랜서,~ 12/27(토)
https://www.saramin.co.kr/zf_user/jobs/relay/view?&rec_idx=52469878,[프람트테크놀로지] 소프트웨어 개발분야 정규직 신입사원 채용,서울강남구,(주)프람트테크놀로지,"서울 강남구신입대졸↑정규직4,200 만원",~ 01/02(금)
https://www.saramin.co.kr/zf_user/jobs/relay/view?&rec_idx=52568585,[티맵모빌리티] Backend Engineer,서울중구,티맵모빌리티(주),서울 중구경력2년↑초대졸↑정규직,채용시
https://www.saramin.co.kr/zf_user/jobs/relay/view?&rec_idx=52426505,[쿠팡CFS] Business Analyst (비즈니스 분석가),서울송파구,쿠팡풀필먼트서비스(유),서울 송파구경력5년↑학력무관정규직,~ 12/31(수)
https://www.saramin.co.kr/zf_user/jobs/relay/view?&rec_idx=52615114,[인젠트]OSD서비스팀 DB 엔지니어 채용,서울영등포구,(주)인젠트,서울 영등포구신입·경력대졸↑정규직,~ 01/04(일)
https://www.saramin.co.kr/zf_user/jobs/relay/view?&rec_idx=52629443,[채용]Solution Engine Developer &Data Engineer,서울강남구,(주)뉴로코어,서울 강남구경력무관대졸↑정규직·계약직,~ 01/21(수)
https://www.saramin.co.kr/zf_user/jobs/relay/view?&rec_idx=52578946,윈스테크넷 대규모 경력 채용 - 개발/품질보증 분야,경기성남시 분당구,(주)윈스테크넷,경기 성남시 분당구신입·경력초대졸↑정규직,~ 01/05(월)
https://www.saramin.co.kr/zf_user/jobs/relay/view?&rec_idx=52603421,Data 엔지니어 - Junior (대전 근무),대전서구,(주)시스트란,대전 서구신입대졸↑정규직,~ 01/17(토)
https://www.saramin.co.kr/zf_user/jobs/relay/view?&rec_idx=52615555,시스템 개발 및 운영 -부산(0명),부산해운대구,주식회사 투그램시스템즈,부산 해운대구경력5년↑대졸↑정규직,~ 02/17(화)
https://www.saramin.co.kr/zf_user/jobs/relay/view?&rec_idx=52605078,React / Java 개발자 채용,서울종로구,(주)지에스비즈플,서울 종로구경력 3~10년학력무관정규직,~ 01/16(금)
https://www.saramin.co.kr/zf_user/jobs/relay/view?&rec_idx=52570934,IT운영 인프라팀 채용,서울서초구,(주)엘솔루,서울 서초구경력1년↑초대졸↑정규직,~ 01/14(수)
https://www.saramin.co.kr/zf_user/jobs/relay/view?&rec_idx=52569888,AI Software Engineer (신입),서울강남구,(주)애자일소다,서울 강남구신입고졸↑정규직,~ 01/13(화)
https://www.saramin.co.kr/zf_user/jobs/relay/view?&rec_idx=52440318,AI 플랫폼 백엔드 개발자(전문연구요원 가능),경기화성시,(주)트윔,경기 화성시신입·경력석사↑정규직,~ 12/31(수)
https://www.saramin.co.kr/zf_user/jobs/relay/view?&rec_idx=52591857,[펀다] 풀스택/백엔드 개발자 채용,서울금천구,(주)펀다,"서울 금천구경력 2~5년학력무관정규직4,500 만원",채용시
https://www.saramin.co.kr/zf_user/jobs/relay/view?&rec_idx=52531368,[마곡] SW 테스트 엔지니어 (QA) 신입 및 경력사원 채용,서울강서구,(주)인피닉,서울 강서구경력무관학력무관정규직,~ 01/09(금)
https://www.saramin.co.kr/zf_user/jobs/relay/view?&rec_idx=52603061,전산 IT 담당자 채용 (인원 충원),경북경산시,(주) 미광콘택트렌즈,경북 경산시경력3년↑초대졸↑정규직·계약직,~ 01/15(목)
https://www.saramin.co.kr/zf_user/jobs/relay/view?&rec_idx=52590039,크럭스데이타 금융솔루션 개발자 채용(신입/경력),서울강남구,(주)디리아,서울 강남구경력무관대졸↑정규직,~ 01/16(금)
https://www.saramin.co.kr/zf_user/jobs/relay/view?&rec_idx=52611377,(주)세이브더팜즈 플랫폼 개발자 모집-천안,충남천안시 서북구,(주)세이브더팜즈,충남 천안시 서북구경력무관학력무관정규직,~ 01/18(일)
https://www.saramin.co.kr/zf_user/jobs/relay/view?&rec_idx=52603304,경력직 개발자를 초빙합니다.,서울마포구,모바일엔트로피(주),서울 마포구경력 3~7년초대졸↑정규직,~ 01/17(토)
https://www.saramin.co.kr/zf_user/jobs/relay/view?&rec_idx=52613519,인프라 엔지니어 채용,서울금천구,(주)인벤,서울 금천구경력무관초대졸↑정규직,채용시
https://www.saramin.co.kr/zf_user/jobs/relay/view?&rec_idx=52418097,[펄어비스] [신입] 시스템 엔지니어 모집,경기과천시,(주)펄어비스,경기 과천시신입학력무관정규직,~ 01/26(월)
https://www.saramin.co.kr/zf_user/jobs/relay/view?&rec_idx=52428087,SOC RTL Design Engineer [신입],경기성남시 분당구,(주)보스반도체,경기 성남시 분당구신입대졸↑정규직,~ 12/27(토)
https://www.saramin.co.kr/zf_user/jobs/relay/view?&rec_idx=52627499,음향 개발자,서울중구,SK텔레콤(주),서울 중구신입·경력학력무관계약직,~ 12/25(목)
https://www.saramin.co.kr/zf_user/jobs/relay/view?&rec_idx=52510725,"(주)션앤파트너스 DApp, Mobile 개발자 채용",서울강남구,(주)션앤파트너스,서울 강남구신입·경력대졸↑정규직,상시채용
https://www.saramin.co.kr/zf_user/jobs/relay/view?&rec_idx=52611099,[NHN Cloud 2025년 하반기 집중채용] 플랫폼 운영,경기성남시 분당구,엔에이치엔(주),경기 성남시 분당구경력 5~12년학력무관정규직,~ 02/17(화)
https://www.saramin.co.kr/zf_user/jobs/relay/view?&rec_idx=52356510,[Assistant] AI연구개발팀 업무 보조,경기성남시 분당구,(주)카카오모빌리티,경기 성남시 분당구경력무관초대졸↑인턴직,~ 12/31(수)
https://www.saramin.co.kr/zf_user/jobs/relay/view?&rec_idx=52393696,(주)인스케이프 AI 기업부설연구소 경력 인재 채용,경기용인시 기흥구,(주)인스케이프,경기 용인시 기흥구신입·경력학력무관정규직,~ 01/24(토)
https://www.saramin.co.kr/zf_user/jobs/relay/view?&rec_idx=52484520,[AI 플랫폼 SW] 로봇 주행 / AI SW (LLM) / 임베디드 SW 개발,서울강남구,(주)인티그리트,서울 강남구경력학력무관정규직·계약직,~ 01/03(토)
https://www.saramin.co.kr/zf_user/jobs/relay/view?&rec_idx=52296797,[신입/경력 4년이하] 시스템 운용/유지보수 담당자 채용,서울강남구,포인트아이(주),서울 강남구신입·경력초대졸↑정규직,~ 01/12(월)
https://www.saramin.co.kr/zf_user/jobs/relay/view?&rec_idx=52370301,임베디드시스템 H/W 개발자 모집,경기수원시 영통구,(주)캔탑스,경기 수원시 영통구신입·경력대졸↑정규직·전문연구요원,채용시
https://www.saramin.co.kr/zf_user/jobs/relay/view?&rec_idx=52494218,[PYTHON SI 판교] 문서암복호화 연동 모듈 개발 (1),경기성남시 분당구,(주)제이투이,경기 성남시 분당구경력5년↑초대졸↑프리랜서,~ 01/04(일)
https://www.saramin.co.kr/zf_user/jobs/relay/view?&rec_idx=52208845,"직무별(HW,SW,AI,퍼블리싱/디자이너) 인력채용",부산동래구,(주)동연에스엔티,부산 동래구경력무관학력무관정규직,~ 01/02(금)
https://www.saramin.co.kr/zf_user/jobs/relay/view?&rec_idx=52628668,"코스닥 상장, 삼성동 위치 특수합금제조사 파이썬 개발자 대리급",서울강남구,한스컨설팅,"서울 강남구경력 5~10년대졸↑정규직6,000 만원",~ 01/06(화)
https://www.saramin.co.kr/zf_user/jobs/relay/view?&rec_idx=52506032,[재택근무/프리랜서] 한채원 - AI 컨텐츠 크리에이터 채용,대구북구,농업회사법인 한채원 주식회사,대구 북구경력1년↑학력무관프리랜서,~ 01/07(수)
https://www.saramin.co.kr/zf_user/jobs/relay/view?&rec_idx=52532298,Python 엔지니어(3~5년),경기안양시,(주)모빌리티네트웍스,경기 안양시경력 3~5년학력무관정규직,~ 01/08(목)
https://www.saramin.co.kr/zf_user/jobs/relay/view?&rec_idx=52553971,제품개발연구소 데이터 분석가 채용 공고,경기성남시 분당구,주식회사 비카누스,경기 성남시 분당구경력무관대졸↑정규직,~ 01/11(일)
https://www.saramin.co.kr/zf_user/jobs/relay/view?&rec_idx=52406548,[한국의학연구소] RPA - 파이썬 개발자 모집,서울중구,(재)한국의학연구소,서울 중구경력 2~5년대졸↑정규직,~ 12/31(수)
https://www.saramin.co.kr/zf_user/jobs/relay/view?&rec_idx=52577746,"전산팀장 과,차장급",충북청주시 흥덕구,주식회사 커리어포커스,충북 청주시 흥덕구경력 13~19년대졸↑정규직,~ 12/25(목)
https://www.saramin.co.kr/zf_user/jobs/relay/view?&rec_idx=52566972,파이썬 코딩 하실 분,서울서초구,제이투케이,서울 서초구경력무관학력무관정규직·계약직,상시채용
https://www.saramin.co.kr/zf_user/jobs/relay/view?&rec_idx=52430849,프로그램 운영 개발 연구 경력 사원 채용,경기수원시 권선구,(주)디엠씨,경기 수원시 권선구경력무관초대졸↑정규직,~ 12/28(일)
https://www.saramin.co.kr/zf_user/jobs/relay/view?&rec_idx=52611830,[경력] 인프라 파이썬 백엔드 개발자 채용,서울강서구,(주)씨앤에이아이,서울 강서구경력2년↑대졸↑정규직·계약직,~ 01/18(일)
https://www.saramin.co.kr/zf_user/jobs/relay/view?&rec_idx=52447374,시스템 테스트 & 품질 보증 SQA 담당자 채용,서울금천구,이모션텍(주),서울 금천구경력무관초대졸↑정규직,~ 12/31(수)
https://www.saramin.co.kr/zf_user/jobs/relay/view?&rec_idx=52388786,"백엔드 개발자 - python, Django",서울서초구,(주)완드,서울 서초구경력 3~20년학력무관정규직,내일마감
https://www.saramin.co.kr/zf_user/jobs/relay/view?&rec_idx=52438997,Java WEB 개발자 정규직 채용합니다,서울금천구,(주)한맥시스템,서울 금천구신입·경력학력무관정규직,~ 12/30(화)
https://www.saramin.co.kr/zf_user/jobs/relay/view?&rec_idx=52610195,"개발자(파이썬 / 자동수집, 크롤링)",대구동구,(주)옥션원,대구 동구경력 3~20년학력무관정규직,~ 01/18(일)
https://www.saramin.co.kr/zf_user/jobs/relay/view?&rec_idx=52622066,[유명 강소기업] 병원시스템 포털사이트 백엔드 개발(2~22년차),서울강남구,(주)스카우트파트너스,서울 강남구경력 2~20년대졸↑정규직,~ 01/05(월)
https://www.saramin.co.kr/zf_user/jobs/relay/view?&rec_idx=52387256,Python 개발자 (백엔드 엔지니어),서울중구,(주)마인드에이아이,서울 중구경력4년↑대졸↑정규직,~ 01/23(금)
https://www.saramin.co.kr/zf_user/jobs/relay/view?&rec_idx=52346735,IT[AI·SW] / 품질관리[바이오·이화학] 취업실무교육 모집,경기성남시 분당구,한국폴리텍대학 분당융합기술교육원,경기 성남시 분당구경력무관초대졸↑교육생,~ 01/05(월)
https://www.saramin.co.kr/zf_user/jobs/relay/view?&rec_idx=52471883,(경력)파이썬 백엔드개발자(문서파싱/구조화),서울강남구,(주)애자일소다,서울 강남구경력 3~8년고졸↑정규직,~ 01/01(목)
https://www.saramin.co.kr/zf_user/jobs/relay/view?&rec_idx=52484733,[캐시워크] 백엔드개발 채용전환형 인턴,서울강남구,넛지헬스케어(주),서울 강남구신입학력무관인턴직,~ 02/02(월)
https://www.saramin.co.kr/zf_user/jobs/relay/view?&rec_idx=52627677,파이썬 백엔드 경력 채용,서울중구,(주)인공지능팩토리,서울 중구경력 3~5년대졸↑정규직,~ 01/20(화)
https://www.saramin.co.kr/zf_user/jobs/relay/view?&rec_idx=52600976,[서울 근무] 디지털 컨설팅 부문 컨설턴트 모집 (신입),서울종로구,세종지능경영원(주),"서울 종로구신입대졸↑정규직3,600 만원",~ 01/02(금)
https://www.saramin.co.kr/zf_user/jobs/relay/view?&rec_idx=52628816,"대기업/해운선사/AI 개발 담당/Python, TensorFlow, PyTorch",서울중구,(주)에이치알비즈코리아,서울 중구경력 2~7년대졸↑정규직,~ 01/06(화)
https://www.saramin.co.kr/zf_user/jobs/relay/view?&rec_idx=52266635,[서울라이트솔루션] 2025년 SW 개발자 모집,서울서초구,서울라이트솔루션주식회사,서울 서초구경력무관대졸↑정규직,채용시
https://www.saramin.co.kr/zf_user/jobs/relay/view?&rec_idx=52264628,[전남 광양] 파이썬 Python 개발자 채용,전남광양시,비전측정소프트,"전남 광양시경력무관대졸↑정규직3,500 만원",~ 01/09(금)
https://www.saramin.co.kr/zf_user/jobs/relay/view?&rec_idx=52497052,[주5일/상장사/신입가능]웹케시 소프트웨어 유지운영 인재 채용,서울영등포구,(주)사람인에이치에스,"서울 영등포구경력무관학력무관파견직3,000 만원",상시채용
https://www.saramin.co.kr/zf_user/jobs/relay/view?&rec_idx=52445236,Mac Agent 파이썬 개발자/ Linux Agent 개발자 채용,서울금천구,(주)아이젝스,서울 금천구경력3년↑초대졸↑정규직,~ 12/31(수)
https://www.saramin.co.kr/zf_user/jobs/relay/view?&rec_idx=52491554,AWS 클라우드 엔지니어 (근무지 : 부산),부산해운대구,메가존클라우드(주),부산 해운대구신입학력무관정규직,채용시
https://www.saramin.co.kr/zf_user/jobs/relay/view?&rec_idx=52545083,[글로벌/iGaming] Payment Backend Engineer (Python),서울강남구,(주)에이스파트너스서치펌,서울 강남구경력5년↑학력무관정규직,~ 12/26(금)
https://www.saramin.co.kr/zf_user/jobs/relay/view?&rec_idx=52509424,[대전]리튬팩 전문기업 사원 모집 (신뢰성파트),대전유성구,(주)이솔루션,대전 유성구경력무관초대졸↑정규직,~ 02/06(금)
https://www.saramin.co.kr/zf_user/jobs/relay/view?&rec_idx=52561566,"PC 클라이언트 개발자/C#, C++, Python/세계적 게임사",경기성남시 분당구,(주)에이치알비즈코리아,경기 성남시 분당구경력 4~10년대졸↑정규직,~ 12/29(월)
https://www.saramin.co.kr/zf_user/jobs/relay/view?&rec_idx=52274476,(주)바이오트코리아 경력 채용 공고,서울송파구,(주)바이오트코리아,서울 송파구경력대졸↑정규직,~ 01/09(금)
https://www.saramin.co.kr/zf_user/jobs/relay/view?&rec_idx=52534286,파이썬 기반 데스크톱 애플리케이션 및 영상처리 개발자 모집,서울동작구,(주)제이에이치씨,서울 동작구경력1년↑학력무관정규직,~ 01/09(금)
https://www.saramin.co.kr/zf_user/jobs/relay/view?&rec_idx=52457552,디클(주) - 파이썬 Python 개발자 프로그래머 채용,인천남동구,디클(주),인천 남동구경력무관학력무관정규직·계약직,채용시
https://www.saramin.co.kr/zf_user/jobs/relay/view?&rec_idx=52381703,[PYTHON SI 을지로3가] Python 기반 LLM 자동화 (10),서울종로구,(주)제이투이,서울 종로구경력3년↑초대졸↑프리랜서,~ 12/24(수)
https://www.saramin.co.kr/zf_user/jobs/relay/view?&rec_idx=52494397,"[순천] 파이썬, 장고 개발자 모집 (경력 우대)",전남순천시,(주)에스씨크리에이티브,전남 순천시경력학력무관계약직,채용시
https://www.saramin.co.kr/zf_user/jobs/relay/view?&rec_idx=52527401,백엔드(서버) 및 프론트 개발 인력 채용,경기안양시,(주)엠넥스,경기 안양시경력무관초대졸↑정규직,~ 01/09(금)
https://www.saramin.co.kr/zf_user/jobs/relay/view?&rec_idx=52518525,백엔드 엔지니어 (Python),서울강남구,자바스서치주식회사,서울 강남구경력 3~5년대졸↑정규직,~ 12/24(수)
https://www.saramin.co.kr/zf_user/jobs/relay/view?&rec_idx=52604074,(주)동일기연 전산 ERP 개발 전산팀장 모집 공고,경기화성시,(주)동일기연,경기 화성시경력10년↑대졸↑정규직,~ 01/17(토)
https://www.saramin.co.kr/zf_user/jobs/relay/view?&rec_idx=52409325,[리드워크/정규직] Python 자동화 테스트 엔지니어 채용,서울강남구,(주)리드워크,서울 강남구경력1년↑초대졸↑정규직,~ 12/26(금)
https://www.saramin.co.kr/zf_user/jobs/relay/view?&rec_idx=52409935,[무료]대기업 현직자와 함께하는 빅데이터 실무,대구달서구,(사)한국기술사업화진흥협회,대구 달서구경력무관학력무관교육생,~ 01/08(목)
https://www.saramin.co.kr/zf_user/jobs/relay/view?&rec_idx=52485183,AI 학습 데이터 관리 엔지니어 모집,서울서초구,(주)코이웨어,서울 서초구경력무관대졸↑정규직,~ 01/03(토)
https://www.saramin.co.kr/zf_user/jobs/relay/view?&rec_idx=52625730,"장비 제어 프로그램 개발(Linux, C++, python, 대리~차장급)",경기수원시 권선구,골든비네트워크(주),경기 수원시 권선구경력 3~15년대졸↑정규직,~ 01/06(화)
https://www.saramin.co.kr/zf_user/jobs/relay/view?&rec_idx=52440524,[그림] 머신비전 SW 소프트웨어 개발자(C++/MFC) 채용,경기광명시,(주)그림,경기 광명시경력무관학력무관정규직·계약직,~ 12/31(수)
https://www.saramin.co.kr/zf_user/jobs/relay/view?&rec_idx=52592449,[상장사/신입가능]웹케시 지역별 소프트웨어 유지운영 채용,서울영등포구,(주)사람인에이치에스,"서울 영등포구경력무관학력무관파견직3,000 만원",상시채용
https://www.saramin.co.kr/zf_user/jobs/relay/view?&rec_idx=52118957,Machine Vision 영상처리 개발 모집,서울금천구,(주)코눈,서울 금천구경력무관초대졸↑정규직,상시채용
https://www.saramin.co.kr/zf_user/jobs/relay/view?&rec_idx=52349264,[주식회사 옴니콘] JAVA/REACT 웹 풀스택 개발자 모집,서울성동구,주식회사 옴니콘(Omniqon Inc.),서울 성동구경력무관학력무관정규직·계약직,상시채용
https://www.saramin.co.kr/zf_user/jobs/relay/view?&rec_idx=52583555,[정규직] 차량 시험 프로세스 개발 및 시험 환경 구축,경기안양시 동안구,(주)오토노머스에이투지,경기 안양시 동안구신입·경력대졸↑정규직,채용시
https://www.saramin.co.kr/zf_user/jobs/relay/view?&rec_idx=52416166,[판교] - 프론트엔드 개발자 채용,경기성남시 분당구,(주)플랜티엠,경기 성남시 분당구경력 1~5년대졸↑정규직,~ 12/27(토)
https://www.saramin.co.kr/zf_user/jobs/relay/view?&rec_idx=52622548,"3D프린터 펌웨어, 소프트웨어 개발자 채용 공고",경북구미시,(주)엘에스비,경북 구미시경력무관대졸↑정규직,~ 01/20(화)
https://www.saramin.co.kr/zf_user/jobs/relay/view?&rec_idx=52588197,[이수그룹 IT계열사] Python 연구/개발 담당자 채용,서울서초구,(주)이수시스템,서울 서초구경력 4~7년대졸↑정규직,~ 01/16(금)
https://www.saramin.co.kr/zf_user/jobs/relay/view?&rec_idx=52579473,[다목적 자율작업 로봇] 제어·SW 개발 신입 및 경력,대구수성구,(주)로보아이,"대구 수성구경력무관대졸↑정규직3,200 만원",~ 01/09(금)
https://www.saramin.co.kr/zf_user/jobs/relay/view?&rec_idx=52612930,Python Engineer / Data Infrastructure & Systems Support,경기화성시,피디에프솔루션세미컨덕터테크놀로지코리아(유),경기 화성시경력 3~5년석사↑정규직,~ 02/17(화)
https://www.saramin.co.kr/zf_user/jobs/relay/view?&rec_idx=52421666,"제이씨현시스템(주), AI서버사업본부 서버 엔지니어 경력직 모집",서울용산구,제이씨현시스템㈜,서울 용산구경력 2~10년대졸↑정규직,~ 12/27(토)
https://www.saramin.co.kr/zf_user/jobs/relay/view?&rec_idx=52631387,"[시스템투자회사] 소프트웨어 개발자 채용 (Python, Java, C++)",서울영등포구,(주)폴라리스투자자문,"서울 영등포구신입·경력초대졸↑정규직4,500 만원",~ 01/15(목)
https://www.saramin.co.kr/zf_user/jobs/relay/view?&rec_idx=52118960,Machine Vision 영상처리 개발자 모집,서울금천구,(주)코눈,서울 금천구경력무관대졸↑정규직,상시채용
https://www.saramin.co.kr/zf_user/jobs/relay/view?&rec_idx=52621133,시니어 백엔드 엔지니어 (Python),서울강남구,자바스서치주식회사,서울 강남구경력5년↑대졸↑정규직,~ 01/04(일)
https://www.saramin.co.kr/zf_user/jobs/relay/view?&rec_idx=52370297,임베디드시스템 S/W 개발자 모집,경기수원시 영통구,(주)캔탑스,경기 수원시 영통구신입·경력대졸↑정규직,채용시
https://www.saramin.co.kr/zf_user/jobs/relay/view?&rec_idx=52490633,Python / C#.NET 기반 프로그램 개발자 모집,부산북구,주식회사 썬컴,부산 북구경력 3~6년학력무관정규직,~ 01/04(일)
https://www.saramin.co.kr/zf_user/jobs/relay/view?&rec_idx=52570050,[미래산업] 소프트웨어 개발 연구 인력 채용 (신입/경력),충남천안시 서북구,미래산업(주),충남 천안시 서북구신입·경력초대졸↑정규직,~ 02/13(금)
https://www.saramin.co.kr/zf_user/jobs/relay/view?&rec_idx=52518404,모터센스 시니어 백엔드 개발자(Python),경기성남시 분당구,(주)이파피루스,경기 성남시 분당구경력 7~15년학력무관정규직,~ 01/07(수)
https://www.saramin.co.kr/zf_user/jobs/relay/view?&rec_idx=52559749,(주)레인보우로보틱스 기업부설연구소 WEB 백엔드 개발,대전유성구,(주)레인보우로보틱스,대전 유성구경력2년↑대졸↑정규직,채용시
https://www.saramin.co.kr/zf_user/jobs/relay/view?&rec_idx=52308031,파이썬/검색엔진 엔지니어,서울강남구,(주)바이오리서치에이아이,서울 강남구경력무관학력무관정규직,~ 01/13(화)
https://www.saramin.co.kr/zf_user/jobs/relay/view?&rec_idx=52577344,[쿠팡로지스틱스서비스] 재고 발주 데이터 분석 및 개선 담당자,서울송파구,쿠팡(주),서울 송파구경력4년↑대졸↑정규직,채용시
https://www.saramin.co.kr/zf_user/jobs/relay/view?&rec_idx=52609304,Python Developer (ERP 담당),서울강남구,디케이파트너스,서울 강남구경력5년↑대졸↑정규직,~ 01/03(토)
https://www.saramin.co.kr/zf_user/jobs/relay/view?&rec_idx=52553939,"개발부문(백엔드, QA, Test) 채용공고",부산해운대구,(주)엔디소프트,부산 해운대구경력무관학력무관정규직,~ 01/11(일)
https://www.saramin.co.kr/zf_user/jobs/relay/view?&rec_idx=52324055,AI Vision/MFC/C# Python 개발직,충남천안시 동남구,화랑,"충남 천안시 동남구경력무관초대졸↑정규직2,700 만원",~ 01/16(금)
https://www.saramin.co.kr/zf_user/jobs/relay/view?&rec_idx=52553950,세이브더칠드런 마케팅혁신팀 데이터 분석 담당자 모집,서울마포구,세이브더칠드런코리아,서울 마포구경력 1~5년학력무관정규직,~ 12/31(수)
https://www.saramin.co.kr/zf_user/jobs/relay/view?&rec_idx=52595068,[㈜딥엑스] AI반도체 신입 (학/석/박사) HW / SW 엔지니어 모집,경기성남시 분당구,(주)딥엑스,경기 성남시 분당구신입대졸↑정규직,~ 12/29(월)
https://www.saramin.co.kr/zf_user/jobs/relay/view?&rec_idx=52411805,[경력] Python-AI Agent 개발 프리랜서 모집 : 삼성동/잠실,서울강남구,(주)넥스트코드,서울 강남구경력5년↑학력무관프리랜서,상시채용
https://www.saramin.co.kr/zf_user/jobs/relay/view?&rec_idx=52439010,개발자 [AI·IOT ] [APP/WEB] 대전 세종근무,대전서구,오아시스스토리(주),대전 서구신입대졸↑정규직·계약직,상시채용
https://www.saramin.co.kr/zf_user/jobs/relay/view?&rec_idx=52495034,[주4.3일제] 열정있는 스크래핑 개발자 경력 모집,서울금천구,(주)트립일레븐,서울 금천구경력5년↑고졸↑정규직,~ 12/26(금)
https://www.saramin.co.kr/zf_user/jobs/relay/view?&rec_idx=52616355,[쿠도커뮤니케이션] 솔루션사업부 데이터엔지니어 신입사원 채용,경기과천시,쿠도커뮤니케이션(주),경기 과천시신입학력무관정규직,~ 01/18(일)
https://www.saramin.co.kr/zf_user/jobs/relay/view?&rec_idx=52520609,Data Analyst(Commerce),서울강남구,(주)비바리퍼블리카,서울 강남구경력 1~10년고졸↑정규직,~ 01/07(수)
https://www.saramin.co.kr/zf_user/jobs/relay/view?&rec_idx=52567499,[캐스트이즈] 2025 신입 DevOps 개발자 모집,서울관악구,(주)캐스트이즈,"서울 관악구경력무관대졸↑계약직·프리랜서3,000 만원",~ 12/31(수)
https://www.saramin.co.kr/zf_user/jobs/relay/view?&rec_idx=52519417,(주)아이씨디 SW팀 인재채용,경기안성시,(주)아이씨디,경기 안성시신입·경력대졸↑정규직,채용시
https://www.saramin.co.kr/zf_user/jobs/relay/view?&rec_idx=52590416,[한국리스크관리] '금융IT개발' 개발자 경력사원 모집,부산해운대구,한국리스크관리(주),부산 해운대구경력3년↑대졸↑정규직,~ 12/28(일)
https://www.saramin.co.kr/zf_user/jobs/relay/view?&rec_idx=52395744,데이터분석가 부문 경력직 채용,서울구로구,(주)이엠넷,서울 구로구경력1년↑대졸↑정규직,오늘마감
https://www.saramin.co.kr/zf_user/jobs/relay/view?&rec_idx=52170114,[넥슨게임즈] 사내 시스템 엔지니어,서울강남구,(주)넥슨게임즈,서울 강남구경력 5~20년학력무관정규직,~ 12/28(일)
https://www.saramin.co.kr/zf_user/jobs/relay/view?&rec_idx=52493573,"영상처리/컴퓨터비전/딥러닝 개발자 채용 C#,C++,Python",경기화성시,(주)이프,경기 화성시경력3년↑학력무관정규직,~ 01/04(일)
https://www.saramin.co.kr/zf_user/jobs/relay/view?&rec_idx=52496038,상반기 인공지능(AI)·빅데이터 개발부,서울영등포구,(주)이지에이아이,서울 영등포구경력무관대졸↑정규직,~ 01/04(일)
https://www.saramin.co.kr/zf_user/jobs/relay/view?&rec_idx=52620833,[방산기업] AI 연구원 - Python / AI 알고리즘 SW,경기성남시 수정구,(주)하이스트컨설팅그룹,경기 성남시 수정구경력 5~15년대졸↑정규직,~ 01/04(일)
https://www.saramin.co.kr/zf_user/jobs/relay/view?&rec_idx=52351832,[중견기업/IT] 데이타솔루션 가상화 엔지니어(VMware) 채용,서울강남구,(주)데이타솔루션,서울 강남구경력3년↑초대졸↑정규직,~ 01/18(일)
https://www.saramin.co.kr/zf_user/jobs/relay/view?&rec_idx=52471772,(신입)파이썬 백엔드개발자(문서파싱/구조화),서울강남구,(주)애자일소다,서울 강남구신입고졸↑정규직,~ 01/01(목)
https://www.saramin.co.kr/zf_user/jobs/relay/view?&rec_idx=52493963,SW 엔지니어 채용,경기성남시 분당구,(주)아이앤씨테크놀로지,경기 성남시 분당구경력6년↑대졸↑정규직,~ 01/04(일)
https://www.saramin.co.kr/zf_user/jobs/relay/view?&rec_idx=52544858,[스타랩스] Web개발 경력자 채용,서울강남구,주식회사 스타랩스,서울 강남구신입·경력초대졸↑정규직,~ 01/10(토)
https://www.saramin.co.kr/zf_user/jobs/relay/view?&rec_idx=52505104,[쿠팡풀필먼트서비스] 물류센터 네트워크 최적화 담당자,서울송파구,쿠팡(주),서울 송파구경력6년↑대졸↑정규직,채용시
https://www.saramin.co.kr/zf_user/jobs/relay/view?&rec_idx=52472420,IT/AI부문(전문연구요원 포함)신입,서울종로구,(주)연합인포맥스,서울 종로구신입대졸↑정규직,~ 01/01(목)
https://www.saramin.co.kr/zf_user/jobs/relay/view?&rec_idx=52626807,[리드넘버]JAVA 백엔드 개발자 채용 [신입 및 경력],서울구로구,(주)리드넘버,서울 구로구경력무관대졸↑정규직,~ 01/21(수)
https://www.saramin.co.kr/zf_user/jobs/relay/view?&rec_idx=52570501,[대전/상장사] 로봇기업 Web 백엔드 개발 경력직 채용,대전유성구,(주)사람인에이치에스,대전 유성구경력2년↑대졸↑정규직,채용시
https://www.saramin.co.kr/zf_user/jobs/relay/view?&rec_idx=52544742,파이썬 개발자 모집,부산북구,망고클라우드(주),부산 북구신입·경력고졸↑정규직,~ 01/09(금)
https://www.saramin.co.kr/zf_user/jobs/relay/view?&rec_idx=52441995,[폴리인스퍼레이션] Data Engineer 채용,서울송파구,(주)폴리인스퍼레이션,서울 송파구경력무관학력무관정규직,채용시
https://www.saramin.co.kr/zf_user/jobs/relay/view?&rec_idx=52582304,[미디어젠(주)] 파이썬 백엔드/서버 개발자(경력),서울강서구,미디어젠(주),서울 강서구경력2년↑대졸↑정규직,~ 01/15(목)
https://www.saramin.co.kr/zf_user/jobs/relay/view?&rec_idx=52583738,윈스테크넷 대규모 신입 채용 - 개발/품질보증 분야,경기성남시 분당구,(주)윈스테크넷,경기 성남시 분당구신입대졸↑정규직,~ 01/05(월)
https://www.saramin.co.kr/zf_user/jobs/relay/view?&rec_idx=52494193,[PYTHON SI 판교] AI Agent 개발 (1),경기성남시 분당구,(주)제이투이,경기 성남시 분당구경력5년↑초대졸↑프리랜서,~ 01/04(일)
https://www.saramin.co.kr/zf_user/jobs/relay/view?&rec_idx=52578075,[2025년 하반기 신입사원 채용] AI서비스 개발,서울송파구,퍼시스그룹,서울 송파구신입초대졸↑정규직,~ 12/31(수)
https://www.saramin.co.kr/zf_user/jobs/relay/view?&rec_idx=52614991,[쿠팡CFS] 인천45 데이터담당 Team Captain 정규직 채용,인천미추홀구,쿠팡풀필먼트서비스(유),인천 미추홀구경력무관초대졸↑정규직,채용시
https://www.saramin.co.kr/zf_user/jobs/relay/view?&rec_idx=52592943,IT인프라 네트워크 보안 엔지니어 모집,경기평택시,시큐어트리(주),경기 평택시경력무관초대졸↑정규직,~ 01/05(월)
https://www.saramin.co.kr/zf_user/jobs/relay/view?&rec_idx=52130381,[가천대 산학연구교수/제로엔] AI 에너지진단/분산/거래/파이썬,서울금천구,(주)제로엔,서울 금천구경력무관석사↑정규직,내일마감
https://www.saramin.co.kr/zf_user/jobs/relay/view?&rec_idx=52532448,[경북대학교 해양무인기 운용지원센터] 연구원 채용,대구북구,경북해양과학연구소,대구 북구경력무관대졸↑계약직,~ 01/19(월)
https://www.saramin.co.kr/zf_user/jobs/relay/view?&rec_idx=52360386,[SWM]자율주행 AI테크센터 각 부문 개발자 모집,경기안양시 동안구,(주)에스더블유엠,경기 안양시 동안구신입·경력학력무관정규직,~ 12/31(수)
https://www.saramin.co.kr/zf_user/jobs/relay/view?&rec_idx=52462779,㈜캠시스 CM사업부문 파트별 경력직 채용,인천연수구,(주)캠시스,인천 연수구신입·경력대졸↑정규직,~ 01/01(목)
https://www.saramin.co.kr/zf_user/jobs/relay/view?&rec_idx=52576730,빅데이터 분석 채용 공고,전북전주시 덕진구,(주)좋은정보기술,전북 전주시 덕진구신입·경력초대졸↑정규직,~ 02/14(토)
https://www.saramin.co.kr/zf_user/jobs/relay/view?&rec_idx=52553945,"인공지능부문(AI, 데이터) 채용공고",부산해운대구,(주)엔디소프트,부산 해운대구경력무관학력무관정규직,~ 01/11(일)
https://www.saramin.co.kr/zf_user/jobs/relay/view?&rec_idx=52319295,"단일세포 다중오믹스 생명정보학 (Bioinformatic, BI) 분석",서울금천구,(주)디코드셀,서울 금천구경력무관석사↑정규직,채용시
https://www.saramin.co.kr/zf_user/jobs/relay/view?&rec_idx=52520122,"IT 직군 모집 DBA, 사업관리 (대구)",대구동구,(주)소프트아이텍,대구 동구경력3년↑학력무관계약직,~ 12/26(금)
https://www.saramin.co.kr/zf_user/jobs/relay/view?&rec_idx=50907153,헥토 그룹 AI전문인력 (AI기획/AI개발) 신입/경력직 채용,서울강남구,(주)헥토,서울 강남구신입·경력대졸↑정규직,~ 12/31(수)
https://www.saramin.co.kr/zf_user/jobs/relay/view?&rec_idx=52398422,[싸이몬] S/W 개발자 신입/경력 채용,경기용인시 수지구,(주)싸이몬,경기 용인시 수지구경력무관대졸↑정규직,~ 12/25(목)
https://www.saramin.co.kr/zf_user/jobs/relay/view?&rec_idx=52437967,2026년도 상반기 S/W개발 신입/경력 공개채용,서울금천구,"주식회사오르빛알티(OrbitRTCo.,Ltd.)",서울 금천구경력무관대졸↑정규직·계약직,~ 12/30(화)
https://www.saramin.co.kr/zf_user/jobs/relay/view?&rec_idx=52601733,퍼포먼스 광고 대행사 경력 보유 개발자(1년 이상) [공개채용],서울금천구,(주)마케팅키드,서울 금천구경력1년↑학력무관정규직,~ 01/17(토)
https://www.saramin.co.kr/zf_user/jobs/relay/view?&rec_idx=52569943,(부산근무)생성형 AI 데이터사이언티스트,부산부산진구,(주)애자일소다,부산 부산진구신입고졸↑정규직,~ 01/13(화)
https://www.saramin.co.kr/zf_user/jobs/relay/view?&rec_idx=52564148,[에이아이로보틱스] 소프트웨어 개발 채용 공고,대구북구,(주)에이아이로보틱스,대구 북구경력무관대졸↑정규직,상시채용
https://www.saramin.co.kr/zf_user/jobs/relay/view?&rec_idx=52457826,"[메타크라우드] 백엔드 개발자 모집 (서울/여의도, 1년~3년)",서울영등포구,(주)메타크라우드,서울 영등포구신입·경력대졸↑정규직,~ 01/31(토)
https://www.saramin.co.kr/zf_user/jobs/relay/view?&rec_idx=52627351,[샤시안전BU] 26년 상반기 체험형 인턴,경기용인시 기흥구,현대모비스(주),경기 용인시 기흥구경력무관대졸↑인턴직,~ 12/30(화)
https://www.saramin.co.kr/zf_user/jobs/relay/view?&rec_idx=52419893,AI 백엔드 개발자 모집,서울강남구,앵글컴퍼니(주),서울 강남구경력무관학력무관정규직,상시채용
https://www.saramin.co.kr/zf_user/jobs/relay/view?&rec_idx=52552902,[소프트웨어] (주) 대양계기 개발팀 (정규직) 채용,부산강서구,(주)대양계기,"부산 강서구신입·경력대졸↑정규직3,900 만원",~ 01/11(일)
https://www.saramin.co.kr/zf_user/jobs/relay/view?&rec_idx=52613722,AI 서비스 및 AI 자율제조 분야 신입/경력 모집,부산해운대구,(주)스마트엠투엠,부산 해운대구경력무관대졸↑정규직,~ 01/18(일)
https://www.saramin.co.kr/zf_user/jobs/relay/view?&rec_idx=52511094,(주)브랜뉴닷컴 백엔드개발자 모집 (경력 1년 이상),서울금천구,(주)브랜뉴닷컴,서울 금천구경력1년↑대졸↑정규직,상시채용
https://www.saramin.co.kr/zf_user/jobs/relay/view?&rec_idx=52532272,국립암센터 암빅데이터센터 과제연구원 채용,경기고양시 일산동구,국립암센터,경기 고양시 일산동구경력무관대졸↑계약직,내일마감
https://www.saramin.co.kr/zf_user/jobs/relay/view?&rec_idx=52527530,(주)위해관리연구소 2025년 풀스택 개발자 모집공고,서울마포구,(주)위해관리연구소,서울 마포구경력무관대졸↑정규직,~ 12/25(목)
https://www.saramin.co.kr/zf_user/jobs/relay/view?&rec_idx=52628940,[신입] 모바일 RTS 클라이언트 & 서버/MMORPG 클라이언트,서울서초구,(주)이스트게임즈,"서울 서초구신입학력무관정규직4,884 만원",~ 02/20(금)
https://www.saramin.co.kr/zf_user/jobs/relay/view?&rec_idx=52276474,TYM 신입/경력사원 모집 (전북/익산),전북익산시,(주)티와이엠,전북 익산시경력무관대졸↑정규직·계약직,채용시
https://www.saramin.co.kr/zf_user/jobs/relay/view?&rec_idx=52417257,[대전/서울] 로봇 개발 채용공고(소프트웨어),대전유성구,(주)라이온로보틱스,대전 유성구경력1년↑대졸↑정규직,~ 12/27(토)
https://www.saramin.co.kr/zf_user/jobs/relay/view?&rec_idx=52548441,프로그램 개발자 채용 (Python 어플리케이션 개발자 구함),대구북구,(주)데이타프로텍,대구 북구경력3년↑학력무관정규직,~ 01/11(일)
https://www.saramin.co.kr/zf_user/jobs/relay/view?&rec_idx=52174808,마켓빌리 JAVA / DBA / TA / AA / PYTHON Recruitment,서울구로구,플러거,서울 구로구경력무관학력무관정규직·계약직,~ 12/29(월)
https://www.saramin.co.kr/zf_user/jobs/relay/view?&rec_idx=52575838,생성형 AI 빅데이터 마케팅 플랫폼 데이터엔지니어(python)채용,서울강남구,(주)빅링크에이아이,서울 강남구신입·경력학력무관정규직,채용시
https://www.saramin.co.kr/zf_user/jobs/relay/view?&rec_idx=52621115,AI제조산업을 위한 python 백엔드 엔지니어 채용공고,서울성동구,(주)인텔리즈,서울 성동구경력무관학력무관정규직·인턴직,~ 01/19(월)
https://www.saramin.co.kr/zf_user/jobs/relay/view?&rec_idx=52382114,"[미소정보기술] JAVA, Python 및 인공지능(AI) 플랫폼 개발자",서울강남구,(주)미소정보기술,서울 강남구경력 2~20년초대졸↑정규직,~ 12/24(수)
https://www.saramin.co.kr/zf_user/jobs/relay/view?&rec_idx=52312273,[로보티즈AI] AI소프트웨어팀 개발자 모집의 건,서울강서구,(주)로보티즈,서울 강서구경력무관대졸↑정규직·계약직,~ 01/13(화)
https://www.saramin.co.kr/zf_user/jobs/relay/view?&rec_idx=52554238,Python 백엔드 [플레이오],서울서초구,(주)지엔에이컴퍼니,서울 서초구경력 1~4년학력무관정규직,~ 01/10(토)
https://www.saramin.co.kr/zf_user/jobs/relay/view?&rec_idx=52575918,2025년 현대해상 경력직 채용(데이터분석),서울종로구,현대해상화재보험(주),서울 종로구경력4년↑학력무관정규직,~ 12/25(목)
https://www.saramin.co.kr/zf_user/jobs/relay/view?&rec_idx=52274118,"[AI연구원-Python, AI알고리즘 S/W] R&D(연구개발) 인재 모집",경기성남시 수정구,(주)휴인스,경기 성남시 수정구경력3년↑대졸↑정규직,채용시
https://www.saramin.co.kr/zf_user/jobs/relay/view?&rec_idx=52610893,"[CAL/ 일본 근무] WEB/ IT 개발자 채용, 미경험 신입 대환영",일본,칼주식회사(영업소),"일본경력무관초대졸↑정규직3,600 만원",~ 01/18(일)
https://www.saramin.co.kr/zf_user/jobs/relay/view?&rec_idx=52528216,(주)더이노베이터스 TA 기획·전략 채용,서울마포구,(주)더이노베이터스,서울 마포구경력무관대졸↑정규직·기간제,채용시
https://www.saramin.co.kr/zf_user/jobs/relay/view?&rec_idx=52446331,[슈프리마] Python개발자(해외기술지원 AI Chatbot&데이터 운영),경기성남시 분당구,(주)슈프리마,경기 성남시 분당구경력 3~8년대졸↑정규직,채용시
https://www.saramin.co.kr/zf_user/jobs/relay/view?&rec_idx=52616039,[경력] Back-end 개발자 채용(내일채움공제가능),서울송파구,(주)시큐리온,서울 송파구경력1년↑초대졸↑정규직,~ 02/13(금)
https://www.saramin.co.kr/zf_user/jobs/relay/view?&rec_idx=52531758,"Java, Python, PHP CMS 웹응용프로그램 개발자 모집",부산부산진구,부산인터넷방송국,부산 부산진구경력1년↑초대졸↑정규직,~ 01/09(금)
https://www.saramin.co.kr/zf_user/jobs/relay/view?&rec_idx=52541628,AWS / Snowflake 기반의 데이터 웨어하우스 개발자 구인,서울강남구,(주)피비스,서울 강남구경력무관대졸↑정규직,~ 01/10(토)
https://www.saramin.co.kr/zf_user/jobs/relay/view?&rec_idx=52461942,[정규직/의료AI솔루션업/Python] SW QA Engineer 모집,서울강남구,(주)사람인에이치에스,서울 강남구경력2년↑대졸↑정규직,채용시
https://www.saramin.co.kr/zf_user/jobs/relay/view?&rec_idx=52426436,[쿠팡 CFS] 물류센터 네트워크 최적화 담당자,서울송파구,쿠팡풀필먼트서비스(유),서울 송파구경력6년↑학력무관정규직,~ 12/31(수)
https://www.saramin.co.kr/zf_user/jobs/relay/view?&rec_idx=52613067,Python Developer / Distributed Computing & Data Analytics,경기화성시,피디에프솔루션세미컨덕터테크놀로지코리아(유),경기 화성시경력3년↑석사↑정규직,~ 02/17(화)
https://www.saramin.co.kr/zf_user/jobs/relay/view?&rec_idx=52499632,Java 개발부문 - MES 웹개발 경력자 모집 (Python 우대),경기안양시 만안구,건솔루션(주),경기 안양시 만안구경력5년↑초대졸↑정규직,채용시
https://www.saramin.co.kr/zf_user/jobs/relay/view?&rec_idx=52323857,주식회사 엠케이디 파이썬(Python) 개발자 모집,부산남구,"주식회사엠케이디(MKDCo.,Ltd)",부산 남구경력무관대졸↑정규직·인턴직,상시채용
https://www.saramin.co.kr/zf_user/jobs/relay/view?&rec_idx=52569922,생성형 AI 데이터사이언티스트,서울강남구,(주)애자일소다,서울 강남구신입고졸↑정규직,~ 01/13(화)
https://www.saramin.co.kr/zf_user/jobs/relay/view?&rec_idx=52427930,Python 기반 GUI 개발자(Pyqt),서울구로구,(주)데이터디자인엔지니어링,서울 구로구신입·경력대졸↑정규직,~ 12/28(일)
https://www.saramin.co.kr/zf_user/jobs/relay/view?&rec_idx=52565047,백엔드(Python) 개발자,서울송파구,엑스퍼트아이엔씨(주),서울 송파구신입·경력고졸↑정규직,~ 02/13(금)
https://www.saramin.co.kr/zf_user/jobs/relay/view?&rec_idx=52506026,"Python , DJango/DJangoRestframework 웹개발자",서울강서구,클립데이터(주),서울 강서구신입·경력초대졸↑정규직·기간제,~ 01/07(수)
https://www.saramin.co.kr/zf_user/jobs/relay/view?&rec_idx=52519848,backend (python) 개발자,서울강남구,(주)씨메스,서울 강남구경력 3~10년대졸↑정규직,~ 01/07(수)
https://www.saramin.co.kr/zf_user/jobs/relay/view?&rec_idx=52431319,AI 개발자 (Python 및 소프트웨어 개발),충북청주시 흥덕구,(주)엠케이솔루션,충북 청주시 흥덕구경력무관학력무관정규직,채용시
https://www.saramin.co.kr/zf_user/jobs/relay/view?&rec_idx=52529449,[신입/경력] 개발자 (Java/Python),서울마포구,(주)폴리오컴퍼니,서울 마포구경력무관대졸↑정규직,~ 01/09(금)
https://www.saramin.co.kr/zf_user/jobs/relay/view?&rec_idx=52431653,(주)모비젠 JAVA / Python 백엔드 서버 개발자 모집,경기성남시 수정구,(주)모비젠,경기 성남시 수정구신입·경력초대졸↑정규직,~ 12/28(일)
https://www.saramin.co.kr/zf_user/jobs/relay/view?&rec_idx=52519190,데이터팀 Python 개발자 (5년차 이상),서울영등포구,(주)왓섭,서울 영등포구경력3년↑대졸↑정규직,~ 02/07(토)
https://www.saramin.co.kr/zf_user/jobs/relay/view?&rec_idx=52251168,[계약직]Python 기반 자연어처리(NLP) AI 개발자 경력직 채용,서울종로구,(주)바이브컴퍼니,서울 종로구신입·경력학력무관계약직,~ 12/31(수)
https://www.saramin.co.kr/zf_user/jobs/relay/view?&rec_idx=52432998,VISION AI 솔루션 Python 웹서비스 백엔드 개발(6년~10년),서울강남구,(주)에이아이썸,서울 강남구경력 6~10년학력무관정규직,~ 12/30(화)
https://www.saramin.co.kr/zf_user/jobs/relay/view?&rec_idx=52456806,"Linux/Unix기반 개발자(경력) 모집 (C,Go,Python)",서울송파구,(주)지란지교에스앤씨,서울 송파구경력 1~5년초대졸↑정규직,~ 01/31(토)
https://www.saramin.co.kr/zf_user/jobs/relay/view?&rec_idx=52388666,"[인턴]백엔드 개발자 - python, Django",서울서초구,(주)완드,서울 서초구신입학력무관인턴직,내일마감
https://www.saramin.co.kr/zf_user/jobs/relay/view?&rec_idx=52528644,차량용 S/W Test 자동화 개발(Python),인천서구,(주)링크제니시스,인천 서구신입대졸↑정규직,~ 02/08(일)
https://www.saramin.co.kr/zf_user/jobs/relay/view?&rec_idx=52291509,"(주)아웃샤인 Python, PHP 데이터 엔지니어링, 백엔드 개발자 모집",서울강남구,(주)아웃샤인,서울 강남구경력무관학력무관정규직·계약직,채용시
https://www.saramin.co.kr/zf_user/jobs/relay/view?&rec_idx=52572074,인공지능(AI) 엔지니어 신입 채용,경기전체,알비에치(주),경기전체신입학력무관정규직,~ 01/13(화)
https://www.saramin.co.kr/zf_user/jobs/relay/view?&rec_idx=52517579,[AI비전검사솔루션] 알고리즘 개발자/CUDA/C/C++/OpenCV/Python,경기성남시 분당구,(주)키스템프그룹,경기 성남시 분당구경력5년↑대졸↑정규직,오늘마감
https://www.saramin.co.kr/zf_user/jobs/relay/view?&rec_idx=52510592,프론트엔드 및 백엔드 개발,서울성동구,브레인즈랩주식회사,서울 성동구경력무관고졸↑정규직,~ 12/28(일)
https://www.saramin.co.kr/zf_user/jobs/relay/view?&rec_idx=52509416,"C#, 안드로이드, Python, Java Spring 개발자 모집",부산기장군,주식회사 썬컴,부산 기장군경력무관학력무관정규직,~ 01/07(수)
https://www.saramin.co.kr/zf_user/jobs/relay/view?&rec_idx=52458309,[Begas] 2026 데이터분석 전문가 신입·경력 모집,서울중구,(주)베가스,서울 중구신입·경력석사↑정규직,~ 01/01(목)
https://www.saramin.co.kr/zf_user/jobs/relay/view?&rec_idx=52615457,Python Back-end Enginner,서울강남구,올거나이즈코리아(주),서울 강남구경력 2~5년학력무관정규직·병역특례,~ 01/17(토)
https://www.saramin.co.kr/zf_user/jobs/relay/view?&rec_idx=52482354,"[오아/코스닥 상장] 서비스 개발(Back-end, python)",서울서초구,오아(주),서울 서초구경력 3~8년학력무관정규직·계약직,~ 01/03(토)
https://www.saramin.co.kr/zf_user/jobs/relay/view?&rec_idx=52482910,AI 신약개발 플랫폼 백엔드/데이터 엔지니어 모집,서울관악구,(주)아이겐드럭,서울 관악구경력무관대졸↑정규직,~ 01/31(토)
https://www.saramin.co.kr/zf_user/jobs/relay/view?&rec_idx=52433006,VISION AI 솔루션 Python 웹서비스 백엔드 개발(3년~5년),서울강남구,(주)에이아이썸,서울 강남구경력 3~5년학력무관정규직,~ 12/30(화)
https://www.saramin.co.kr/zf_user/jobs/relay/view?&rec_idx=52550147,[기술본부] 웹 애플리케이션 엔지니어,경기성남시 분당구,(주)넥슨코리아,경기 성남시 분당구신입학력무관정규직,~ 12/31(수)
https://www.saramin.co.kr/zf_user/jobs/relay/view?&rec_idx=52496760,정규 Python/Data Engineer (신입/경력) 채용,경기용인시 수지구,(주)데이터다이나믹스,경기 용인시 수지구신입·경력학력무관정규직,~ 01/04(일)
https://www.saramin.co.kr/zf_user/jobs/relay/view?&rec_idx=50948511,[LSP] 2025 하반기 신입/경력 채용,서울강남구,(주)라이프스타일프로젝트,서울 강남구신입·경력학력무관정규직,~ 12/31(수)
https://www.saramin.co.kr/zf_user/jobs/relay/view?&rec_idx=52517421,[AI비전검사솔루션] 알고리즘 팀장/CUDA/C/C++/OpenCV/Python,경기성남시 분당구,(주)키스템프그룹,경기 성남시 분당구경력 10~20년대졸↑정규직,오늘마감
https://www.saramin.co.kr/zf_user/jobs/relay/view?&rec_idx=52627402,[FTCI] 26년 상반기 체험형 인턴,경기용인시 기흥구,현대모비스(주),경기 용인시 기흥구경력무관대졸↑인턴직,~ 12/30(화)
https://www.saramin.co.kr/zf_user/jobs/relay/view?&rec_idx=52610386,[대기업] 에듀테크 서비스 Python 개발자 채용,서울강서구,(주)아이이에이,서울 강서구경력 3~20년학력무관프리랜서,~ 01/18(일)
https://www.saramin.co.kr/zf_user/jobs/relay/view?&rec_idx=52610405,재영솔루텍㈜ 부문별 인재 채용,서울서초구,재영솔루텍(주),서울 서초구신입·경력대졸↑정규직,~ 01/22(목)
https://www.saramin.co.kr/zf_user/jobs/relay/view?&rec_idx=52622708,프론트엔드 개발자 (React / Next.js / Python),서울송파구,예진(주),서울 송파구경력2년↑대졸↑정규직,~ 12/24(수)
https://www.saramin.co.kr/zf_user/jobs/relay/view?&rec_idx=52626569,[FTCI] 26년 상반기 체험형 인턴(환경유해물질분석/디지털재료),경기용인시 기흥구,현대모비스(주),경기 용인시 기흥구경력무관대졸↑인턴직,~ 12/30(화)
https://www.saramin.co.kr/zf_user/jobs/relay/view?&rec_idx=52519924,[피스챌린지그룹] 백엔드 개발자 채용 (신입/경력),서울서초구,피스챌린지그룹(주),서울 서초구신입·경력초대졸↑정규직,~ 02/07(토)
https://www.saramin.co.kr/zf_user/jobs/relay/view?&rec_idx=52580348,(유)삼송 전장개발 HW 평가 / HW 설계 [신입/경력직 모집],서울금천구,(유)삼송,서울 금천구경력무관초대졸↑정규직·계약직,~ 01/15(목)
https://www.saramin.co.kr/zf_user/jobs/relay/view?&rec_idx=51929256,2025년 보훈 취업지원대상자 상시채용(AICT 프로젝트),서울종로구,(주)케이티,서울 종로구신입·경력고졸↑계약직,~ 12/31(수)
https://www.saramin.co.kr/zf_user/jobs/relay/view?&rec_idx=52417827,[여의도/근무환경]나이스평가정보 데이터추출 및 가공 팀원 채용,서울영등포구,(주)티오에스코리아,서울 영등포구경력무관대졸↑파견직,~ 12/27(토)
https://www.saramin.co.kr/zf_user/jobs/relay/view?&rec_idx=52594770,환경분야 기획연구 및 빅데이터 분석 담당자,서울강서구,지씨에스솔루션(주),서울 강서구경력무관대졸↑정규직·계약직,~ 01/16(금)
https://www.saramin.co.kr/zf_user/jobs/relay/view?&rec_idx=52519432,"ㅡ연구과제참여 - AI기반 의료 데이터(Image, EMR) 분석 채용",서울종로구,서울대학교병원,서울 종로구신입·경력대졸↑계약직,~ 01/08(목)
https://www.saramin.co.kr/zf_user/jobs/relay/view?&rec_idx=52605707,서울아산병원 신경외과 뇌신경질환 연구원 모집,서울송파구,서울아산병원,서울 송파구경력무관석사↑위촉직,~ 01/17(토)
https://www.saramin.co.kr/zf_user/jobs/relay/view?&rec_idx=52066909,대졸자 취업교육생 모집(게임개발/제품설계/바이오/전기),경기전체,한국폴리텍대학 광명융합기술교육원,경기전체경력무관초대졸↑교육생,~ 12/31(수)
https://www.saramin.co.kr/zf_user/jobs/relay/view?&rec_idx=52457197,도미노피자 각 부문(자회사 포함) 공개 채용,서울강남구,청오디피케이(주),서울 강남구신입·경력학력무관정규직,~ 01/06(화)
https://www.saramin.co.kr/zf_user/jobs/relay/view?&rec_idx=52486616,(주)오너브 2026년 1차 각 부문 별 신입/경력 채용,서울노원구,주식회사 오너브,서울 노원구신입·경력학력무관정규직·계약직,~ 12/31(수)
https://www.saramin.co.kr/zf_user/jobs/relay/view?&rec_idx=52459900,SWM 자율주행 AI 테크센터 채용공고,경기안양시,(주)에스더블유엠,경기 안양시신입·경력대졸↑정규직,~ 12/31(수)
https://www.saramin.co.kr/zf_user/jobs/relay/view?&rec_idx=52567613,인프라 서비스 엔지니어 채용,서울강남구,수퍼게이트(주),서울 강남구경력대졸↑정규직,~ 01/14(수)
https://www.saramin.co.kr/zf_user/jobs/relay/view?&rec_idx=49563552,"[서울/경기] 수강료 0원 무료 취업교육생 과정모집(인공지능AI,빅데이터,풀스택,웹디자인,게임,메타버스)",서울종로구,엠비씨(MBC)아카데미 컴퓨터교육센터,서울 종로구신입·경력학력무관교육생,~ 01/19(월)
